Name,UserRating,Reviews,Price,Year
10-Day Green Smoothie Cleanse,4.7,17350,8,2016
11/22/63: A Novel,4.6,2052,22,2011
12 Rules for Life: An Antidote to Chaos,4.7,18979,15,2018
1984 (Signet Classics),4.7,21424,6,2017
"5,000 Awesome Facts (About Everything!) (National Geographic Kids)",4.8,7665,12,2019
A Dance with Dragons (A Song of Ice and Fire),4.4,12643,11,2011
A Game of Thrones / A Clash of Kings / A Storm of Swords / A Feast of Crows / A Dance with Dragons,4.7,19735,30,2014
A Gentleman in Moscow: A Novel,4.7,19699,15,2017
"A Higher Loyalty: Truth, Lies, and Leadership",4.7,5983,3,2018
A Man Called Ove: A Novel,4.6,23848,8,2016
A Man Called Ove: A Novel,4.6,23848,8,2017
A Patriot's History of the United States: From Columbus's Great Discovery to the War on Terror,4.6,460,2,2010
A Stolen Life: A Memoir,4.6,4149,32,2011
A Wrinkle in Time (Time Quintet),4.5,5153,5,2018
"Act Like a Lady, Think Like a Man: What Men Really Think About Love, Relationships, Intimacy, and Commitment",4.6,5013,17,2009
"Adult Coloring Book Designs: Stress Relief Coloring Book: Garden Designs, Mandalas, Animals, and Paisley Patterns",4.5,2313,4,2016
Adult Coloring Book: Stress Relieving Animal Designs,4.6,2925,6,2015
Adult Coloring Book: Stress Relieving Patterns,4.4,2951,6,2015
"Adult Coloring Books: A Coloring Book for Adults Featuring Mandalas and Henna Inspired Flowers, Animals, and Paisley…",4.5,2426,8,2015
Alexander Hamilton,4.8,9198,13,2016
All the Light We Cannot See,4.6,36348,14,2014
All the Light We Cannot See,4.6,36348,14,2015
Allegiant,3.9,6310,13,2013
American Sniper: The Autobiography of the Most Lethal Sniper in U.S. Military History,4.6,15921,9,2015
And the Mountains Echoed,4.3,12159,13,2013
Arguing with Idiots: How to Stop Small Minds and Big Government,4.6,798,5,2009
Astrophysics for People in a Hurry,4.7,9374,9,2017
"Autobiography of Mark Twain, Vol. 1",4.2,491,14,2010
Baby Touch and Feel: Animals,4.6,5360,5,2015
Balance (Angie's Extreme Stress Menders),4.6,1909,11,2015
Barefoot Contessa Foolproof: Recipes You Can Trust: A Cookbook,4.8,1296,24,2012
"Barefoot Contessa, How Easy Is That?: Fabulous Recipes & Easy Tips",4.7,615,21,2010
Becoming,4.8,61133,11,2018
Becoming,4.8,61133,11,2019
Being Mortal: Medicine and What Matters in the End,4.8,11113,15,2015
Between the World and Me,4.7,10070,13,2015
Between the World and Me,4.7,10070,13,2016
Born to Run,4.7,3729,18,2016
"Breaking Dawn (The Twilight Saga, Book 4)",4.6,9769,13,2009
"Broke: The Plan to Restore Our Trust, Truth and Treasure",4.5,471,8,2010
"Brown Bear, Brown Bear, What Do You See?",4.9,14344,5,2017
"Brown Bear, Brown Bear, What Do You See?",4.9,14344,5,2019
"Cabin Fever (Diary of a Wimpy Kid, Book 6)",4.8,4505,0,2011
Calm the F*ck Down: An Irreverent Adult Coloring Book (Irreverent Book Series),4.6,10369,4,2016
Can't Hurt Me: Master Your Mind and Defy the Odds,4.8,16244,18,2019
Capital in the Twenty First Century,4.5,2884,28,2014
Catching Fire (The Hunger Games),4.7,22614,11,2010
Catching Fire (The Hunger Games),4.7,22614,11,2011
Catching Fire (The Hunger Games),4.7,22614,11,2012
Cravings: Recipes for All the Food You Want to Eat: A Cookbook,4.7,4761,16,2016
Crazy Love: Overwhelmed by a Relentless God,4.7,1542,14,2009
Crazy Love: Overwhelmed by a Relentless God,4.7,1542,14,2010
Crazy Love: Overwhelmed by a Relentless God,4.7,1542,14,2011
Crazy Rich Asians (Crazy Rich Asians Trilogy),4.3,6143,8,2018
Creative Haven Creative Cats Coloring Book (Adult Coloring),4.8,4022,4,2015
Creative Haven Owls Coloring Book (Adult Coloring),4.8,3871,5,2015
Cutting for Stone,4.6,4866,11,2010
Cutting for Stone,4.6,4866,11,2011
"Daring Greatly: How the Courage to Be Vulnerable Transforms the Way We Live, Love, Parent, and Lead",4.8,1329,10,2013
"David and Goliath: Underdogs, Misfits, and the Art of Battling Giants",4.4,4642,13,2013
Dead And Gone: A Sookie Stackhouse Novel (Sookie Stackhouse/True Blood),4.6,1541,4,2009
"Dead in the Family (Sookie Stackhouse/True Blood, Book 10)",4.3,1924,8,2010
"Dead Reckoning (Sookie Stackhouse/True Blood, Book 11)",4.2,2094,4,2011
Dear Zoo: A Lift-the-Flap Book,4.8,10922,5,2015
Dear Zoo: A Lift-the-Flap Book,4.8,10922,5,2016
Dear Zoo: A Lift-the-Flap Book,4.8,10922,5,2017
Dear Zoo: A Lift-the-Flap Book,4.8,10922,5,2018
Decision Points,4.6,2137,17,2010
"Delivering Happiness: A Path to Profits, Passion, and Purpose",4.6,1651,15,2010
"Diagnostic and Statistical Manual of Mental Disorders, 5th Edition: DSM-5",4.5,6679,105,2013
"Diagnostic and Statistical Manual of Mental Disorders, 5th Edition: DSM-5",4.5,6679,105,2014
"Diary of a Wimpy Kid: Hard Luck, Book 8",4.8,6812,0,2013
Diary of a Wimpy Kid: The Last Straw (Book 3),4.8,3837,15,2009
Diary of a Wimpy Kid: The Long Haul,4.8,6540,22,2014
Difficult Riddles For Smart Kids: 300 Difficult Riddles And Brain Teasers Families Will Love (Books for Smart Kids),4.6,7955,5,2019
Divergent,4.6,27098,15,2013
Divergent,4.6,27098,15,2014
Divergent / Insurgent,4.5,17684,6,2014
"Divine Soul Mind Body Healing and Transmission System: The Divine Way to Heal You, Humanity, Mother Earth, and All…",4.6,37,6,2009
Doctor Sleep: A Novel,4.7,15845,13,2013
"Dog Days (Diary of a Wimpy Kid, Book 4) (Volume 4)",4.8,3181,12,2009
Dog Man and Cat Kid: From the Creator of Captain Underpants (Dog Man #4),4.9,5062,6,2018
Dog Man: A Tale of Two Kitties: From the Creator of Captain Underpants (Dog Man #3),4.9,4786,8,2017
Dog Man: Brawl of the Wild: From the Creator of Captain Underpants (Dog Man #6),4.9,7235,4,2018
Dog Man: Brawl of the Wild: From the Creator of Captain Underpants (Dog Man #6),4.9,7235,4,2019
Dog Man: Fetch-22: From the Creator of Captain Underpants (Dog Man #8),4.9,12619,8,2019
Dog Man: For Whom the Ball Rolls: From the Creator of Captain Underpants (Dog Man #7),4.9,9089,8,2019
Dog Man: Lord of the Fleas: From the Creator of Captain Underpants (Dog Man #5),4.9,5470,6,2018
Double Down (Diary of a Wimpy Kid #11),4.8,5118,20,2016
Dover Creative Haven Art Nouveau Animal Designs Coloring Book (Creative Haven Coloring Books),4.6,2134,5,2015
Drive: The Surprising Truth About What Motivates Us,4.5,2525,16,2010
Eat This Not That! Supermarket Survival Guide: The No-Diet Weight Loss Solution,4.5,720,1,2009
"Eat This, Not That! Thousands of Simple Food Swaps that Can Save You 10, 20, 30 Pounds--or More!",4.3,956,14,2009
"Eat to Live: The Amazing Nutrient-Rich Program for Fast and Sustained Weight Loss, Revised Edition",4.5,6346,9,2011
"Eat to Live: The Amazing Nutrient-Rich Program for Fast and Sustained Weight Loss, Revised Edition",4.5,6346,9,2012
Eclipse (Twilight Sagas),4.7,5505,7,2009
Eclipse (Twilight),4.7,5505,18,2009
Educated: A Memoir,4.7,28729,15,2018
Educated: A Memoir,4.7,28729,15,2019
"Enchanted Forest: An Inky Quest and Coloring book (Activity Books, Mindfulness and Meditation, Illustrated Floral Prints…",4.7,5413,9,2015
Fahrenheit 451,4.6,10721,8,2016
Fahrenheit 451,4.6,10721,8,2018
Fantastic Beasts and Where to Find Them: The Original Screenplay (Harry Potter),4.7,4370,15,2016
Fear: Trump in the White House,4.4,6042,2,2018
Fifty Shades Darker,4.4,23631,7,2012
Fifty Shades Freed: Book Three of the Fifty Shades Trilogy (Fifty Shades of Grey Series) (English Edition),4.5,20262,11,2012
Fifty Shades of Grey: Book One of the Fifty Shades Trilogy (Fifty Shades of Grey Series),3.8,47265,14,2012
Fifty Shades of Grey: Book One of the Fifty Shades Trilogy (Fifty Shades of Grey Series),3.8,47265,14,2013
Fifty Shades Trilogy (Fifty Shades of Grey / Fifty Shades Darker / Fifty Shades Freed),4.5,13964,32,2012
Fire and Fury: Inside the Trump White House,4.2,13677,6,2018
First 100 Words,4.7,17323,4,2014
First 100 Words,4.7,17323,4,2015
First 100 Words,4.7,17323,4,2016
First 100 Words,4.7,17323,4,2017
First 100 Words,4.7,17323,4,2018
Food Rules: An Eater's Manual,4.4,1555,9,2010
Frozen (Little Golden Book),4.7,3642,0,2014
"Game Change: Obama and the Clintons, McCain and Palin, and the Race of a Lifetime",4.4,1215,9,2010
Game of Thrones Boxed Set: A Game of Thrones/A Clash of Kings/A Storm of Swords/A Feast for Crows,4.6,5594,5,2011
Game of Thrones Boxed Set: A Game of Thrones/A Clash of Kings/A Storm of Swords/A Feast for Crows,4.6,5594,5,2012
Game of Thrones Boxed Set: A Game of Thrones/A Clash of Kings/A Storm of Swords/A Feast for Crows,4.6,5594,5,2013
George Washington's Sacred Fire,4.5,408,20,2010
George Washington's Secret Six: The Spy Ring That Saved the American Revolution,4.6,4799,16,2013
Giraffes Can't Dance,4.8,14038,4,2015
Giraffes Can't Dance,4.8,14038,4,2016
Giraffes Can't Dance,4.8,14038,4,2017
Giraffes Can't Dance,4.8,14038,4,2018
Giraffes Can't Dance,4.8,14038,4,2019
"Girl, Stop Apologizing: A Shame-Free Plan for Embracing and Achieving Your Goals",4.6,7660,12,2019
"Girl, Wash Your Face: Stop Believing the Lies About Who You Are So You Can Become Who You Were Meant to Be",4.6,22288,12,2018
"Girl, Wash Your Face: Stop Believing the Lies About Who You Are So You Can Become Who You Were Meant to Be",4.6,22288,12,2019
"Glenn Beck's Common Sense: The Case Against an Out-of-Control Government, Inspired by Thomas Paine",4.6,1365,11,2009
Go Set a Watchman: A Novel,3.6,14982,19,2015
Go the F**k to Sleep,4.8,9568,9,2011
Going Rogue: An American Life,4.6,1636,6,2009
Gone Girl,4,57271,10,2012
Gone Girl,4,57271,10,2013
Gone Girl,4,57271,9,2014
Good Days Start With Gratitude: A 52 Week Guide To Cultivate An Attitude Of Gratitude: Gratitude Journal,4.6,10141,6,2019
Good to Great: Why Some Companies Make the Leap and Others Don't,4.5,3457,14,2009
Good to Great: Why Some Companies Make the Leap and Others Don't,4.5,3457,14,2010
Good to Great: Why Some Companies Make the Leap and Others Don't,4.5,3457,14,2011
Good to Great: Why Some Companies Make the Leap and Others Don't,4.5,3457,14,2012
Goodnight Moon,4.8,8837,5,2017
Goodnight Moon,4.8,8837,5,2018
Goodnight Moon,4.8,8837,5,2019
"Goodnight, Goodnight Construction Site (Hardcover Books for Toddlers, Preschool Books for Kids)",4.9,7038,7,2012
"Goodnight, Goodnight Construction Site (Hardcover Books for Toddlers, Preschool Books for Kids)",4.9,7038,7,2013
"Grain Brain: The Surprising Truth about Wheat, Carbs, and Sugar--Your Brain's Silent Killers",4.6,5972,10,2014
Grey: Fifty Shades of Grey as Told by Christian (Fifty Shades of Grey Series),4.4,25624,14,2015
Guts,4.8,5476,7,2019
Hamilton: The Revolution,4.9,5867,54,2016
"Happy, Happy, Happy: My Life and Legacy as the Duck Commander",4.8,4148,11,2013
"Harry Potter and the Chamber of Secrets: The Illustrated Edition (Harry Potter, Book 2)",4.9,19622,30,2016
"Harry Potter and the Cursed Child, Parts 1 & 2, Special Rehearsal Edition Script",4,23973,12,2016
"Harry Potter and the Goblet of Fire: The Illustrated Edition (Harry Potter, Book 4) (4)",4.9,7758,18,2019
"Harry Potter and the Prisoner of Azkaban: The Illustrated Edition (Harry Potter, Book 3)",4.9,3146,30,2017
"Harry Potter and the Sorcerer's Stone: The Illustrated Edition (Harry Potter, Book 1)",4.9,10052,22,2016
Harry Potter Coloring Book,4.7,3564,9,2015
Harry Potter Paperback Box Set (Books 1-7),4.8,13471,52,2016
Have a Little Faith: A True Story,4.8,1930,4,2009
Heaven is for Real: A Little Boy's Astounding Story of His Trip to Heaven and Back,4.7,15779,10,2011
Heaven is for Real: A Little Boy's Astounding Story of His Trip to Heaven and Back,4.7,15779,10,2012
Hillbilly Elegy: A Memoir of a Family and Culture in Crisis,4.4,15526,14,2016
Hillbilly Elegy: A Memoir of a Family and Culture in Crisis,4.4,15526,14,2017
Homebody: A Guide to Creating Spaces You Never Want to Leave,4.8,3776,22,2018
How to Win Friends & Influence People,4.7,25001,11,2014
How to Win Friends & Influence People,4.7,25001,11,2015
How to Win Friends & Influence People,4.7,25001,11,2016
How to Win Friends & Influence People,4.7,25001,11,2017
How to Win Friends & Influence People,4.7,25001,11,2018
Howard Stern Comes Again,4.3,5272,16,2019
Humans of New York,4.8,3490,15,2013
Humans of New York,4.8,3490,15,2014
Humans of New York : Stories,4.9,2812,17,2015
"Hyperbole and a Half: Unfortunate Situations, Flawed Coping Mechanisms, Mayhem, and Other Things That Happened",4.7,4896,17,2013
"I Am Confident, Brave & Beautiful: A Coloring Book for Girls",4.8,9737,7,2019
"I, Alex Cross",4.6,1320,7,2009
If Animals Kissed Good Night,4.8,16643,4,2017
If Animals Kissed Good Night,4.8,16643,4,2019
If I Stay,4.3,7153,9,2014
"In the Garden of Beasts: Love, Terror, and an American Family in Hitler's Berlin",4.4,4571,21,2011
Inferno,4.1,29651,14,2013
Inheritance: Book IV (Inheritance Cycle),4.6,5299,20,2011
Instant Pot Pressure Cooker Cookbook: 500 Everyday Recipes for Beginners and Advanced Users. Try Easy and Healthy…,4.4,7396,13,2019
Instant Pot Pressure Cooker Cookbook: 500 Everyday Recipes for Beginners and Advanced Users. Try Easy and Healthy…,4.4,7396,13,2018
It's Not Supposed to Be This Way: Finding Unexpected Strength When Disappointments Leave You Shattered,4.8,7062,12,2019
Jesus Calling: Enjoying Peace in His Presence (with Scripture References),4.9,19576,8,2011
Jesus Calling: Enjoying Peace in His Presence (with Scripture References),4.9,19576,8,2012
Jesus Calling: Enjoying Peace in His Presence (with Scripture References),4.9,19576,8,2013
Jesus Calling: Enjoying Peace in His Presence (with Scripture References),4.9,19576,8,2014
Jesus Calling: Enjoying Peace in His Presence (with Scripture References),4.9,19576,8,2015
Jesus Calling: Enjoying Peace in His Presence (with Scripture References),4.9,19576,8,2016
JOURNEY TO THE ICE P,4.6,978,0,2014
Joyland (Hard Case Crime),4.5,4748,12,2013
Killers of the Flower Moon: The Osage Murders and the Birth of the FBI,4.6,8393,17,2017
Killing Jesus (Bill O'Reilly's Killing Series),4.5,11391,12,2013
Killing Kennedy: The End of Camelot,4.6,8634,25,2012
Killing Lincoln: The Shocking Assassination that Changed America Forever (Bill O'Reilly's Killing Series),4.7,9342,10,2011
Killing Lincoln: The Shocking Assassination that Changed America Forever (Bill O'Reilly's Killing Series),4.7,9342,10,2012
Killing Patton: The Strange Death of World War II's Most Audacious General (Bill O'Reilly's Killing Series),4.6,10927,6,2014
Killing Reagan: The Violent Assault That Changed a Presidency (Bill O'Reilly's Killing Series),4.6,5235,5,2015
Killing the Rising Sun: How America Vanquished World War II Japan (Bill O'Reilly's Killing Series),4.8,8916,6,2016
Kitchen Confidential Updated Edition: Adventures in the Culinary Underbelly (P.S.),4.8,2507,8,2018
Knock-Knock Jokes for Kids,4.5,3673,4,2013
Knock-Knock Jokes for Kids,4.5,3673,4,2014
Knock-Knock Jokes for Kids,4.5,3673,4,2015
"Last Week Tonight with John Oliver Presents A Day in the Life of Marlon Bundo (Better Bundo Book, LGBT Childrens Book)",4.9,11881,13,2018
Laugh-Out-Loud Jokes for Kids,4.6,6990,4,2013
Laugh-Out-Loud Jokes for Kids,4.6,6990,4,2014
Laugh-Out-Loud Jokes for Kids,4.6,6990,4,2015
Laugh-Out-Loud Jokes for Kids,4.6,6990,4,2016
Laugh-Out-Loud Jokes for Kids,4.6,6990,4,2017
"Lean In: Women, Work, and the Will to Lead",4.5,6132,13,2013
Leonardo da Vinci,4.5,3014,21,2017
Lettering and Modern Calligraphy: A Beginner's Guide: Learn Hand Lettering and Brush Lettering,4.4,7550,6,2018
Liberty and Tyranny: A Conservative Manifesto,4.8,3828,15,2009
Life,4.5,2752,18,2010
Little Bee: A Novel,4.1,1467,10,2010
Little Blue Truck,4.9,1884,0,2014
Little Fires Everywhere,4.5,25706,12,2018
Looking for Alaska,4.5,8491,7,2014
"Love Wins: A Book About Heaven, Hell, and the Fate of Every Person Who Ever Lived",4.2,1649,13,2011
Love You Forever,4.8,18613,5,2014
Love You Forever,4.8,18613,5,2015
Magnolia Table: A Collection of Recipes for Gathering,4.8,9867,16,2018
Make It Ahead: A Barefoot Contessa Cookbook,4.5,1386,20,2014
Make Your Bed: Little Things That Can Change Your Life...And Maybe the World,4.7,10199,11,2017
"Mastering the Art of French Cooking, Vol. 2",4.8,2926,27,2009
Milk and Honey,4.7,17739,8,2016
Milk and Honey,4.7,17739,8,2017
Milk and Honey,4.7,17739,8,2018
Milk and Vine: Inspirational Quotes From Classic Vines,4.4,3113,6,2017
Mindset: The New Psychology of Success,4.6,5542,10,2014
Mindset: The New Psychology of Success,4.6,5542,10,2015
Mindset: The New Psychology of Success,4.6,5542,10,2016
Mockingjay (The Hunger Games),4.5,26741,8,2010
Mockingjay (The Hunger Games),4.5,26741,8,2011
Mockingjay (The Hunger Games),4.5,26741,8,2012
"National Geographic Kids Why?: Over 1,111 Answers to Everything",4.8,5347,16,2019
National Geographic Little Kids First Big Book of Why (National Geographic Little Kids First Big Books),4.8,7866,11,2019
New Moon (The Twilight Saga),4.6,5680,10,2009
Night (Night),4.7,5178,9,2016
No Easy Day: The Autobiography of a Navy Seal: The Firsthand Account of the Mission That Killed Osama Bin Laden,4.6,8093,14,2012
Obama: An Intimate Portrait,4.9,3192,22,2017
"Oh, the Places You'll Go!",4.9,21834,8,2012
"Oh, the Places You'll Go!",4.9,21834,8,2013
"Oh, the Places You'll Go!",4.9,21834,8,2014
"Oh, the Places You'll Go!",4.9,21834,8,2015
"Oh, the Places You'll Go!",4.9,21834,8,2016
"Oh, the Places You'll Go!",4.9,21834,8,2017
"Oh, the Places You'll Go!",4.9,21834,8,2018
"Oh, the Places You'll Go!",4.9,21834,8,2019
Old School (Diary of a Wimpy Kid #10),4.8,6169,7,2015
Olive Kitteridge,4.2,4519,12,2009
One Thousand Gifts: A Dare to Live Fully Right Where You Are,4.6,3163,13,2011
One Thousand Gifts: A Dare to Live Fully Right Where You Are,4.6,3163,13,2012
"Option B: Facing Adversity, Building Resilience, and Finding Joy",4.5,1831,9,2017
Origin: A Novel (Robert Langdon),4.3,18904,13,2017
Orphan Train,4.6,21930,11,2014
Outliers: The Story of Success,4.6,10426,20,2009
Outliers: The Story of Success,4.6,10426,20,2010
P is for Potty! (Sesame Street) (Lift-the-Flap),4.7,10820,5,2018
P is for Potty! (Sesame Street) (Lift-the-Flap),4.7,10820,5,2019
Percy Jackson and the Olympians Paperback Boxed Set (Books 1-3),4.8,548,2,2010
Player's Handbook (Dungeons & Dragons),4.8,16990,27,2017
Player's Handbook (Dungeons & Dragons),4.8,16990,27,2018
Player's Handbook (Dungeons & Dragons),4.8,16990,27,2019
Pokémon Deluxe Essential Handbook: The Need-to-Know Stats and Facts on Over 700 Pokémon,4.7,3503,9,2016
Proof of Heaven: A Neurosurgeon's Journey into the Afterlife,4.3,13616,10,2012
Proof of Heaven: A Neurosurgeon's Journey into the Afterlife,4.3,13616,10,2013
"Publication Manual of the American Psychological Association, 6th Edition",4.5,8580,46,2009
"Publication Manual of the American Psychological Association, 6th Edition",4.5,8580,46,2010
"Publication Manual of the American Psychological Association, 6th Edition",4.5,8580,46,2011
"Publication Manual of the American Psychological Association, 6th Edition",4.5,8580,46,2012
"Publication Manual of the American Psychological Association, 6th Edition",4.5,8580,46,2013
"Publication Manual of the American Psychological Association, 6th Edition",4.5,8580,46,2014
"Publication Manual of the American Psychological Association, 6th Edition",4.5,8580,46,2015
"Publication Manual of the American Psychological Association, 6th Edition",4.5,8580,46,2016
"Publication Manual of the American Psychological Association, 6th Edition",4.5,8580,46,2017
"Publication Manual of the American Psychological Association, 6th Edition",4.5,8580,46,2018
Puppy Birthday to You! (Paw Patrol) (Little Golden Book),4.8,4757,4,2017
Quiet: The Power of Introverts in a World That Can't Stop Talking,4.6,10009,20,2012
Quiet: The Power of Introverts in a World That Can't Stop Talking,4.6,10009,7,2013
Radical: Taking Back Your Faith from the American Dream,4.7,1985,9,2010
Radical: Taking Back Your Faith from the American Dream,4.7,1985,9,2011
Ready Player One: A Novel,4.6,22536,12,2017
Ready Player One: A Novel,4.6,22536,12,2018
Rush Revere and the Brave Pilgrims: Time-Travel Adventures with Exceptional Americans (1),4.9,7150,12,2013
Rush Revere and the First Patriots: Time-Travel Adventures With Exceptional Americans (2),4.9,3836,12,2014
"Salt, Fat, Acid, Heat: Mastering the Elements of Good Cooking",4.8,7802,20,2018
"Salt, Fat, Acid, Heat: Mastering the Elements of Good Cooking",4.8,7802,20,2019
Sarah's Key,4.6,3619,10,2010
"School Zone - Big Preschool Workbook - Ages 4 and Up, Colors, Shapes, Numbers 1-10, Alphabet, Pre-Writing, Pre-Reading…",4.8,23047,6,2018
"School Zone - Big Preschool Workbook - Ages 4 and Up, Colors, Shapes, Numbers 1-10, Alphabet, Pre-Writing, Pre-Reading…",4.8,23047,6,2019
"Secret Garden: An Inky Treasure Hunt and Coloring Book (For Adults, mindfulness coloring)",4.7,9366,9,2015
Sh*t My Dad Says,4.7,1265,11,2010
Ship of Fools: How a Selfish Ruling Class Is Bringing America to the Brink of Revolution,4.8,3923,16,2018
Shred: The Revolutionary Diet: 6 Weeks 4 Inches 2 Sizes,4.1,2272,6,2013
Sookie Stackhouse,4.7,973,25,2009
"Soul Healing Miracles: Ancient and New Sacred Wisdom, Knowledge, and Practical Techniques for Healing the Spiritual…",4.6,220,17,2013
Steve Jobs,4.6,7827,20,2011
Steve Jobs,4.6,7827,20,2012
Strange Planet (Strange Planet Series),4.9,9382,6,2019
StrengthsFinder 2.0,4,5069,17,2009
StrengthsFinder 2.0,4,5069,17,2010
StrengthsFinder 2.0,4,5069,17,2011
StrengthsFinder 2.0,4,5069,17,2012
StrengthsFinder 2.0,4,5069,17,2013
StrengthsFinder 2.0,4,5069,17,2014
StrengthsFinder 2.0,4,5069,17,2015
StrengthsFinder 2.0,4,5069,17,2016
StrengthsFinder 2.0,4,5069,17,2017
"Super Freakonomics: Global Cooling, Patriotic Prostitutes, and Why Suicide Bombers Should Buy Life Insurance",4.5,1583,18,2009
Switch: How to Change Things When Change Is Hard,4.6,1907,13,2010
Sycamore Row (Jake Brigance),4.5,23114,18,2013
Teach Like a Champion: 49 Techniques that Put Students on the Path to College,4.4,637,20,2010
Teach Like a Champion: 49 Techniques that Put Students on the Path to College,4.4,637,20,2011
The 17 Day Diet: A Doctor's Plan Designed for Rapid Results,4.3,2314,22,2011
"The 4 Hour Body: An Uncommon Guide to Rapid Fat Loss, Incredible Sex and Becoming Superhuman",4.3,4587,21,2011
The 5 Love Languages: The Secret to Love That Lasts,4.7,3477,28,2010
The 5 Love Languages: The Secret to Love That Lasts,4.7,3477,28,2011
The 5 Love Languages: The Secret to Love That Lasts,4.7,3477,28,2012
The 5 Love Languages: The Secret to Love That Lasts,4.7,3477,28,2013
The 5 Love Languages: The Secret to Love That Lasts,4.7,3477,28,2014
The 5 Love Languages: The Secret to Love that Lasts,4.8,25554,8,2015
The 5 Love Languages: The Secret to Love that Lasts,4.8,25554,8,2016
The 5 Love Languages: The Secret to Love that Lasts,4.8,25554,8,2017
The 5 Love Languages: The Secret to Love that Lasts,4.8,25554,8,2018
The 5 Love Languages: The Secret to Love that Lasts,4.8,25554,8,2019
The 5000 Year Leap,4.8,1680,12,2009
The 7 Habits of Highly Effective People: Powerful Lessons in Personal Change,4.6,9325,24,2009
The 7 Habits of Highly Effective People: Powerful Lessons in Personal Change,4.6,9325,24,2011
The 7 Habits of Highly Effective People: Powerful Lessons in Personal Change,4.6,9325,24,2012
The 7 Habits of Highly Effective People: Powerful Lessons in Personal Change,4.6,9325,24,2013
The 7 Habits of Highly Effective People: Powerful Lessons in Personal Change,4.7,4725,16,2015
The 7 Habits of Highly Effective People: Powerful Lessons in Personal Change,4.7,4725,16,2016
The 7 Habits of Highly Effective People: Powerful Lessons in Personal Change,4.7,4725,16,2017
The Alchemist,4.7,35799,39,2014
The Amateur,4.6,2580,9,2012
The Art of Racing in the Rain: A Novel,4.7,11813,10,2010
The Art of Racing in the Rain: A Novel,4.7,11813,10,2011
The Big Short: Inside the Doomsday Machine,4.7,3536,17,2010
The Blood of Olympus (The Heroes of Olympus (5)),4.8,6600,11,2014
"The Blood Sugar Solution: The UltraHealthy Program for Losing Weight, Preventing Disease, and Feeling Great Now!",4.2,1789,14,2012
"The Body Keeps the Score: Brain, Mind, and Body in the Healing of Trauma",4.8,12361,12,2019
The Book of Basketball: The NBA According to The Sports Guy,4.7,858,53,2009
The Book Thief,4.6,23148,6,2013
The Book Thief,4.6,23148,6,2014
The Book with No Pictures,4.8,8081,8,2014
The Book with No Pictures,4.8,8081,8,2015
The Boys in the Boat: Nine Americans and Their Epic Quest for Gold at the 1936 Berlin Olympics,4.8,23358,12,2014
The Boys in the Boat: Nine Americans and Their Epic Quest for Gold at the 1936 Berlin Olympics,4.8,23358,12,2015
The Casual Vacancy,3.3,9372,12,2012
The China Study: The Most Comprehensive Study of Nutrition Ever Conducted And the Startling Implications for Diet…,4.7,4633,21,2011
The Complete Ketogenic Diet for Beginners: Your Essential Guide to Living the Keto Lifestyle,4.3,13061,6,2018
The Complete Ketogenic Diet for Beginners: Your Essential Guide to Living the Keto Lifestyle,4.3,13061,6,2019
The Confession: A Novel,4.3,3523,13,2010
The Constitution of the United States,4.8,2774,0,2016
The Daily Show with Jon Stewart Presents Earth (The Book): A Visitor's Guide to the Human Race,4.4,440,11,2010
The Day the Crayons Quit,4.8,8922,9,2013
The Day the Crayons Quit,4.8,8922,9,2014
The Day the Crayons Quit,4.8,8922,9,2015
"The Dukan Diet: 2 Steps to Lose the Weight, 2 Steps to Keep It Off Forever",4.1,2023,15,2011
The Elegance of the Hedgehog,4,1859,11,2009
The Fault in Our Stars,4.7,50482,13,2012
The Fault in Our Stars,4.7,50482,13,2013
The Fault in Our Stars,4.7,50482,7,2014
The Fault in Our Stars,4.7,50482,13,2014
The Five Dysfunctions of a Team: A Leadership Fable,4.6,3207,6,2009
The Five Dysfunctions of a Team: A Leadership Fable,4.6,3207,6,2010
The Five Dysfunctions of a Team: A Leadership Fable,4.6,3207,6,2011
The Five Dysfunctions of a Team: A Leadership Fable,4.6,3207,6,2012
The Five Dysfunctions of a Team: A Leadership Fable,4.6,3207,6,2013
The Five Love Languages: How to Express Heartfelt Commitment to Your Mate,4.6,803,9,2009
The Four Agreements: A Practical Guide to Personal Freedom (A Toltec Wisdom Book),4.7,23308,6,2013
The Four Agreements: A Practical Guide to Personal Freedom (A Toltec Wisdom Book),4.7,23308,6,2015
The Four Agreements: A Practical Guide to Personal Freedom (A Toltec Wisdom Book),4.7,23308,6,2016
The Four Agreements: A Practical Guide to Personal Freedom (A Toltec Wisdom Book),4.7,23308,6,2017
The Four Agreements: A Practical Guide to Personal Freedom (A Toltec Wisdom Book),4.7,23308,6,2018
The Four Agreements: A Practical Guide to Personal Freedom (A Toltec Wisdom Book),4.7,23308,6,2019
The Getaway,4.8,5836,0,2017
The Girl on the Train,4.1,79446,18,2015
The Girl on the Train,4.1,79446,7,2016
The Girl Who Kicked the Hornet's Nest (Millennium Trilogy),4.7,7747,14,2010
The Girl Who Kicked the Hornet's Nest (Millennium Trilogy),4.7,7747,14,2011
The Girl Who Played with Fire (Millennium Series),4.7,7251,9,2010
The Girl Who Played with Fire (Millennium),4.7,7251,16,2009
The Girl with the Dragon Tattoo (Millennium Series),4.4,10559,2,2009
The Girl with the Dragon Tattoo (Millennium Series),4.4,10559,2,2010
The Going-To-Bed Book,4.8,5249,5,2016
The Going-To-Bed Book,4.8,5249,5,2017
The Goldfinch: A Novel (Pulitzer Prize for Fiction),3.9,33844,20,2013
The Goldfinch: A Novel (Pulitzer Prize for Fiction),3.9,33844,20,2014
The Great Gatsby,4.4,11616,7,2012
The Great Gatsby,4.4,11616,7,2013
The Great Gatsby,4.4,11616,7,2014
The Guardians: A Novel,4.5,13609,14,2019
The Guernsey Literary and Potato Peel Pie Society,4.7,8587,10,2009
The Handmaid's Tale,4.3,29442,7,2017
The Harbinger: The Ancient Mystery that Holds the Secret of America's Future,4.6,11098,13,2012
The Hate U Give,4.8,9947,11,2018
The Help,4.8,13871,6,2009
The Help,4.8,13871,6,2010
The Help,4.8,13871,8,2011
The Help,4.8,13871,7,2011
"The House of Hades (Heroes of Olympus, Book 4)",4.8,6982,14,2013
The Hunger Games,4.7,32122,14,2010
The Hunger Games (Book 1),4.7,32122,8,2011
The Hunger Games (Book 1),4.7,32122,8,2012
The Hunger Games Trilogy Boxed Set (1),4.8,16949,30,2011
The Hunger Games Trilogy Boxed Set (1),4.8,16949,30,2012
The Immortal Life of Henrietta Lacks,4.7,9289,13,2010
The Immortal Life of Henrietta Lacks,4.7,9289,9,2011
The Immortal Life of Henrietta Lacks,4.7,9289,9,2012
The Instant Pot Electric Pressure Cooker Cookbook: Easy Recipes for Fast & Healthy Meals,4.3,7368,7,2017
The Instant Pot Electric Pressure Cooker Cookbook: Easy Recipes for Fast & Healthy Meals,4.3,7368,7,2018
The Last Lecture,4.7,4028,9,2009
"The Last Olympian (Percy Jackson and the Olympians, Book 5)",4.8,4628,7,2009
"The Last Olympian (Percy Jackson and the Olympians, Book 5)",4.8,4628,7,2010
The Legend of Zelda: Hyrule Historia,4.9,5396,20,2013
The Lego Ideas Book: Unlock Your Imagination,4.4,4247,13,2011
The Lego Ideas Book: Unlock Your Imagination,4.4,4247,13,2012
The Life-Changing Magic of Tidying Up: The Japanese Art of Decluttering and Organizing,4.5,22641,11,2015
The Life-Changing Magic of Tidying Up: The Japanese Art of Decluttering and Organizing,4.5,22641,11,2016
The Life-Changing Magic of Tidying Up: The Japanese Art of Decluttering and Organizing,4.5,22641,11,2017
The Life-Changing Magic of Tidying Up: The Japanese Art of Decluttering and Organizing,4.5,22641,11,2019
The Litigators,4.4,6222,18,2011
"The Lost Hero (Heroes of Olympus, Book 1)",4.8,4506,14,2010
The Lost Symbol,4.2,8747,19,2009
The Love Dare,4.8,1655,13,2009
The Magnolia Story,4.9,7861,5,2016
"The Mark of Athena (Heroes of Olympus, Book 3)",4.8,6247,10,2012
The Martian,4.7,39459,9,2015
The Maze Runner (Book 1),4.5,10101,8,2014
The Meltdown (Diary of a Wimpy Kid Book 13),4.8,5898,8,2018
The Mueller Report,4.6,2744,12,2019
The Nightingale: A Novel,4.8,49288,11,2015
The Nightingale: A Novel,4.8,49288,11,2016
The Official SAT Study Guide,4.4,1201,40,2010
The Official SAT Study Guide,4.4,1201,40,2011
The Official SAT Study Guide,4.4,1201,40,2012
The Official SAT Study Guide,4.4,1201,40,2013
The Official SAT Study Guide,4.4,1201,40,2014
"The Official SAT Study Guide, 2016 Edition (Official Study Guide for the New Sat)",4.3,807,36,2016
The Paris Wife: A Novel,4.3,3759,16,2011
"The Pioneer Woman Cooks: A Year of Holidays: 140 Step-by-Step Recipes for Simple, Scrumptious Celebrations",4.8,2663,17,2013
"The Pioneer Woman Cooks: Dinnertime - Comfort Classics, Freezer Food, 16-minute Meals, and Other Delicious Ways to Solve…",4.8,3428,14,2015
The Pioneer Woman Cooks: Food from My Frontier,4.8,2876,21,2012
"The Plant Paradox Cookbook: 100 Delicious Recipes to Help You Lose Weight, Heal Your Gut, and Live Lectin-Free",4.5,3601,18,2018
"The Plant Paradox: The Hidden Dangers in ""Healthy"" Foods That Cause Disease and Weight Gain",4.4,7058,17,2018
The Pout-Pout Fish,4.8,9784,5,2017
The Pout-Pout Fish,4.8,9784,5,2018
The Power of Habit: Why We Do What We Do in Life and Business,4.6,10795,21,2012
The President Is Missing: A Novel,4.3,10191,18,2018
The Racketeer,4.3,14493,18,2012
"The Red Pyramid (The Kane Chronicles, Book 1)",4.6,2186,12,2010
"The Road to Serfdom: Text and Documents--The Definitive Edition (The Collected Works of F. A. Hayek, Volume 2)",4.6,1204,14,2010
"The Serpent's Shadow (The Kane Chronicles, Book 3)",4.8,2091,12,2012
The Shack: Where Tragedy Confronts Eternity,4.6,19720,8,2009
The Shack: Where Tragedy Confronts Eternity,4.6,19720,8,2017
The Short Second Life of Bree Tanner: An Eclipse Novella (The Twilight Saga),4.6,2122,0,2010
The Silent Patient,4.5,27536,14,2019
"The Son of Neptune (Heroes of Olympus, Book 2)",4.8,4290,10,2011
The Subtle Art of Not Giving a F*ck: A Counterintuitive Approach to Living a Good Life,4.6,26490,15,2017
The Subtle Art of Not Giving a F*ck: A Counterintuitive Approach to Living a Good Life,4.6,26490,15,2018
The Subtle Art of Not Giving a F*ck: A Counterintuitive Approach to Living a Good Life,4.6,26490,15,2019
The Sun and Her Flowers,4.7,5487,9,2017
"The Third Wheel (Diary of a Wimpy Kid, Book 7)",4.7,6377,7,2012
"The Throne of Fire (The Kane Chronicles, Book 2)",4.7,1463,10,2011
The Time Traveler's Wife,4.4,3759,6,2009
The Tipping Point: How Little Things Can Make a Big Difference,4.4,3503,9,2009
The Total Money Makeover: Classic Edition: A Proven Plan for Financial Fitness,4.7,11550,10,2019
The Twilight Saga Collection,4.7,3801,82,2009
"The Ugly Truth (Diary of a Wimpy Kid, Book 5)",4.8,3796,12,2010
The Unofficial Harry Potter Cookbook: From Cauldron Cakes to Knickerbocker Glory--More Than 150 Magical Recipes for…,4.7,9030,10,2019
The Very Hungry Caterpillar,4.9,19546,5,2013
The Very Hungry Caterpillar,4.9,19546,5,2014
The Very Hungry Caterpillar,4.9,19546,5,2015
The Very Hungry Caterpillar,4.9,19546,5,2016
The Very Hungry Caterpillar,4.9,19546,5,2017
The Very Hungry Caterpillar,4.9,19546,5,2018
The Very Hungry Caterpillar,4.9,19546,5,2019
The Whole30: The 30-Day Guide to Total Health and Food Freedom,4.6,7508,16,2015
The Whole30: The 30-Day Guide to Total Health and Food Freedom,4.6,7508,16,2016
The Whole30: The 30-Day Guide to Total Health and Food Freedom,4.6,7508,16,2017
The Wonderful Things You Will Be,4.9,8842,10,2016
The Wonderful Things You Will Be,4.9,8842,10,2017
The Wonderful Things You Will Be,4.9,8842,10,2018
The Wonderful Things You Will Be,4.9,8842,10,2019
The Wonky Donkey,4.8,30183,4,2018
The Wonky Donkey,4.8,30183,4,2019
The Wright Brothers,4.7,6169,16,2015
"Things That Matter: Three Decades of Passions, Pastimes and Politics [Deckled Edge]",4.7,7034,15,2013
"Thinking, Fast and Slow",4.6,11034,19,2011
"Thinking, Fast and Slow",4.6,11034,19,2012
Thirteen Reasons Why,4.5,7932,9,2017
Thomas Jefferson: The Art of Power,4.5,1904,23,2012
Three Cups of Tea: One Man's Mission to Promote Peace - One School at a Time,4.3,3319,11,2009
Three Cups of Tea: One Man's Mission to Promote Peace - One School at a Time,4.3,3319,11,2010
Thug Kitchen: The Official Cookbook: Eat Like You Give a F*ck (Thug Kitchen Cookbooks),4.6,11128,23,2014
Thug Kitchen: The Official Cookbook: Eat Like You Give a F*ck (Thug Kitchen Cookbooks),4.6,11128,23,2015
Thug Kitchen: The Official Cookbook: Eat Like You Give a F*ck (Thug Kitchen Cookbooks),4.6,11128,23,2016
Thug Kitchen: The Official Cookbook: Eat Like You Give a F*ck (Thug Kitchen Cookbooks),4.6,11128,23,2017
Tina Fey: Bossypants,4.3,5977,12,2011
To Kill a Mockingbird,4.8,26234,0,2013
To Kill a Mockingbird,4.8,26234,0,2014
To Kill a Mockingbird,4.8,26234,0,2015
To Kill a Mockingbird,4.8,26234,0,2016
To Kill a Mockingbird,4.8,26234,7,2019
"Tools of Titans: The Tactics, Routines, and Habits of Billionaires, Icons, and World-Class Performers",4.6,4360,21,2017
"Towers of Midnight (Wheel of Time, Book Thirteen)",4.8,2282,21,2010
True Compass: A Memoir,4.5,438,15,2009
"Twilight (The Twilight Saga, Book 1)",4.7,11676,9,2009
Ultimate Sticker Book: Frozen: More Than 60 Reusable Full-Color Stickers,4.5,2586,5,2014
"Unbroken: A World War II Story of Survival, Resilience, and Redemption",4.8,29673,16,2010
"Unbroken: A World War II Story of Survival, Resilience, and Redemption",4.8,29673,16,2011
"Unbroken: A World War II Story of Survival, Resilience, and Redemption",4.8,29673,16,2012
"Unbroken: A World War II Story of Survival, Resilience, and Redemption",4.8,29673,13,2014
"Unbroken: A World War II Story of Survival, Resilience, and Redemption",4.8,29673,16,2014
Under the Dome: A Novel,4.3,6740,20,2009
Unfreedom of the Press,4.9,5956,11,2019
Unicorn Coloring Book: For Kids Ages 4-8 (US Edition) (Silly Bear Coloring Books),4.8,6108,4,2019
"Uninvited: Living Loved When You Feel Less Than, Left Out, and Lonely",4.7,4585,9,2016
Watchmen,4.8,3829,42,2009
Water for Elephants: A Novel,4.5,8958,12,2011
What Happened,4.6,5492,18,2017
What If?: Serious Scientific Answers to Absurd Hypothetical Questions,4.7,9292,17,2014
What Pet Should I Get? (Classic Seuss),4.7,1873,14,2015
What Should Danny Do? (The Power to Choose Series),4.8,8170,13,2019
What to Expect When You're Expecting,4.4,3341,9,2011
"Wheat Belly: Lose the Wheat, Lose the Weight, and Find Your Path Back to Health",4.4,7497,6,2012
"Wheat Belly: Lose the Wheat, Lose the Weight, and Find Your Path Back to Health",4.4,7497,6,2013
When Breath Becomes Air,4.8,13779,14,2016
Where the Crawdads Sing,4.8,87841,15,2019
Where the Wild Things Are,4.8,9967,13,2009
Whose Boat Is This Boat?: Comments That Don't Help in the Aftermath of a Hurricane,4.6,6669,12,2018
Wild: From Lost to Found on the Pacific Crest Trail,4.4,17044,18,2012
Winter of the World: Book Two of the Century Trilogy,4.5,10760,15,2012
Women Food and God: An Unexpected Path to Almost Everything,4.2,1302,11,2010
Wonder,4.8,21625,9,2013
Wonder,4.8,21625,9,2014
Wonder,4.8,21625,9,2015
Wonder,4.8,21625,9,2016
Wonder,4.8,21625,9,2017
Wrecking Ball (Diary of a Wimpy Kid Book 14),4.9,9413,8,2019
You Are a Badass: How to Stop Doubting Your Greatness and Start Living an Awesome Life,4.7,14331,8,2016
You Are a Badass: How to Stop Doubting Your Greatness and Start Living an Awesome Life,4.7,14331,8,2017
You Are a Badass: How to Stop Doubting Your Greatness and Start Living an Awesome Life,4.7,14331,8,2018
You Are a Badass: How to Stop Doubting Your Greatness and Start Living an Awesome Life,4.7,14331,8,2019
